Name,Sym,RA,Dec,Flag
Aquarius,AQR,22.40784,-10.15606,ZA
Aries,ARI,2.66237,+19.95906,ZA
Cancer,CNC,8.68322,+19.18940,ZA
Capricornus,CAP,21.02258,-18.55051,ZA
Gemini,GEM,7.15585,+23.25312,ZA
Leo,LEO,10.69330,+14.78016,ZA
Libra,LIB,15.22447,-15.15893,ZA
Ophiuchus,OPH,17.30225,-05.21711,ZA
Pisces,PSC,0.64826,+10.77037,ZA
Sagittarius,SGR,19.18492,-27.09177,ZA
Scorpius,SCO,16.79026,-31.81767,ZA
Taurus,TAU,4.42213,+16.83941,ZA
Virgo,VIR,13.28989,-02.63866,ZA
